REGION,STORAGE,YEAR,VALUE
REGION1,NOHGSTPN2,2036,0.0019421303982791048
REGION1,NOHGSTPN2,2037,0.0008396835519470435
