REGION,STORAGE,YEAR,VALUE
REGION1,DKHGSTPN2,2015,0.021565698767799457
REGION1,NOHGSTPN2,2041,0.0053874140774222735
